{
  "nodes": {
    "chat": {
      "variant_0": {
        "inputs": {},
        "inputsValue": {}
      }
    },
    "Execute_Code": {
      "variant_0": {
        "inputs": {},
        "inputsValue": {}
      }
    },
    "Retrieve_Schema": {
      "variant_0": {
        "inputs": {},
        "inputsValue": {}
      }
    },
    "Retrieve_Samples": {
      "variant_0": {
        "inputs": {},
        "inputsValue": {}
      }
    },
    "Final_Answering_LLM": {
      "variant_0": {
        "inputs": {},
        "inputsValue": {}
      }
    },
    "Index": {
      "variant_0": {
        "inputs": {
          "cosmosdb_nosql_connection": [],
          "cosmosdb_nosql_container_name": [],
          "cosmosdb_nosql_content_field": [],
          "cosmosdb_nosql_database_name": [],
          "cosmosdb_nosql_embedding_field": [],
          "embedding_model": [],
          "serverless_embedding_connection": [],
          "es_content_field": [],
          "es_embedding_field": [],
          "es_index_connection": [],
          "es_index_name": [],
          "es_metadata_field": [],
          "mlindex_asset_id": [
            {
              "display_value": "cxqa-ind-v2:1",
              "value": "azureml://locations/eastus/workspaces/5d74a98c-1fc6-4567-8545-2632b489bd0b/data/cxqa-ind-v2/versions/1"
            }
          ],
          "mongodb_collection": [],
          "mongodb_connection": [],
          "mongodb_content_field": [],
          "mongodb_database": [],
          "mongodb_embedding_field": [],
          "mongodb_index_name": [],
          "mongodb_search_index": [],
          "pinecone_content_field": [],
          "pinecone_index_connection": [],
          "pinecone_index_name": [],
          "pinecone_index_namespace": [],
          "pinecone_metadata_field": [],
          "postgres_connection": [],
          "postgres_content_field": [],
          "postgres_embedding_field": [],
          "postgres_search_type": [],
          "postgres_table_name": [],
          "qdrant_embedding_field": [],
          "qdrant_index_connection": [],
          "qdrant_index_name": [],
          "weaviate_collection": [],
          "weaviate_connection": [],
          "weaviate_content_field": [],
          "weaviate_embedding_field": [],
          "query_type": [
            {
              "display_value": "Hybrid (vector + keyword)",
              "value": "Hybrid (vector + keyword)"
            }
          ]
        },
        "inputsValue": {
          "index_type": "Azure AI Search",
          "acs_index_connection": "cxqaazureaisearch",
          "acs_content_field": "content",
          "acs_embedding_field": "contentVector",
          "acs_index_name": "cxqa-ind-v2",
          "acs_metadata_field": "meta_json_string",
          "embedding_type": "Azure OpenAI",
          "aoai_embedding_connection": "cxqaazureaihub2358016269_aoai",
          "embedding_deployment": "text-embedding-ada-002",
          "mlindex_asset_id": "azureml://locations/eastus/workspaces/5d74a98c-1fc6-4567-8545-2632b489bd0b/data/cxqa-ind-v2/versions/1",
          "semantic_configuration": "azureml-default"
        }
      }
    }
  }
}