{
  "orientation": "Vertical",
  "nodeLayouts": {
    "inputs": {
      "x": 636.1516946062632,
      "y": 100.1380577477695,
      "index": -1
    },
    "outputs": {
      "x": 615.467396995628,
      "y": 485.3882232079764,
      "index": -1
    },
    "Final_Answering_LLM": {
      "x": 527.5795047080654,
      "y": 335.0462398628657,
      "height": 75,
      "index": 4
    },
    "Index": {
      "x": 773.9537601371343,
      "y": 219.28309938499277,
      "height": 75,
      "index": 5
    },
    "chat": {
      "x": 312.5,
      "y": 177,
      "height": 75,
      "index": 0
    },
    "Execute_Code": {
      "x": 312.5,
      "y": 287,
      "height": 75,
      "index": 1
    },
    "Retrieve_Schema": {
      "x": 12,
      "y": 67,
      "height": 75,
      "index": 2
    },
    "Retrieve_Samples": {
      "x": 331.743512491167,
      "y": 33.861942252230506,
      "height": 75,
      "index": 3
    }
  },
  "viewport": {
    "transformMatrix": [
      0.8675825306006398,
      0,
      0,
      0.8675825306006398,
      93.92877993149796,
      403.15598492723313
    ]
  }
}